fa1256de23207ff42984cdfd49bacc44ed767a0a,DELETE,regular-file,WebApplication9/Views/Emails/Web.config,234,
faa318a5bbef957ab1a257599ea3d20737c62c63,DELETE,regular-file,WebApplication9/Views/Web.config,2917,
fa1256de23207ff42984cdfd49bacc44ed767a0a,DELETE,regular-file,WebApplication9/obj/Release/CSAutoParameterize/original/Views/Emails/Web.config,234,
faa318a5bbef957ab1a257599ea3d20737c62c63,DELETE,regular-file,WebApplication9/obj/Release/CSAutoParameterize/original/Views/Web.config,2917,
45fa5494d6b77e8637ad92778c14c00ff67b2527,DELETE,regular-file,WebApplication9/obj/Release/CSAutoParameterize/original/Web.config,6991,
fa1256de23207ff42984cdfd49bacc44ed767a0a,DELETE,regular-file,WebApplication9/obj/Release/CSAutoParameterize/transformed/Views/Emails/Web.config,234,
faa318a5bbef957ab1a257599ea3d20737c62c63,DELETE,regular-file,WebApplication9/obj/Release/CSAutoParameterize/transformed/Views/Web.config,2917,
9c5f9ff7148619525b2e44a7a3890e3884af076c,DELETE,regular-file,WebApplication9/obj/Release/CSAutoParameterize/transformed/Web.config,6610,
fa1256de23207ff42984cdfd49bacc44ed767a0a,DELETE,regular-file,WebApplication9/obj/Release/Package/PackageTmp/Views/Emails/Web.config,234,
faa318a5bbef957ab1a257599ea3d20737c62c63,DELETE,regular-file,WebApplication9/obj/Release/Package/PackageTmp/Views/Web.config,2917,
9c5f9ff7148619525b2e44a7a3890e3884af076c,DELETE,regular-file,WebApplication9/obj/Release/Package/PackageTmp/Web.config,6610,
c35844462ba8e330eec0cc96b63d61bd4ed65df4,DELETE,regular-file,WebApplication9/obj/Release/TransformWebConfig/assist/Web.config,1330,
28776363aed7b95d68d8627bcfdf73eeb2058c61,DELETE,regular-file,WebApplication9/obj/Release/TransformWebConfig/original/Web.config,7004,
45fa5494d6b77e8637ad92778c14c00ff67b2527,DELETE,regular-file,WebApplication9/obj/Release/TransformWebConfig/transformed/Web.config,6991,